"mcpi","project","owner","ownership_cat","lon","lat","overall_sqft","built_status","zoning","place_type","policy_area","gis_acres","n_buildings","total_bldg_sqft","earliest_permit","latest_permit","earliest_year","n_built","n_under_construction","addresses"
"030297084000","NOKES PLAZA","MEDINA DC 2 ASSETS LLC","Private",-77.412994,39.023213,88490,"BUILT","PDIP","SUBURBAN EMPLOYMENT","SUBURBAN",6.2378251182094,1,88490,"1997-12-18","1997-12-18",1998,1,0,"45901 NOKES BLVD"
"030391106000","NOKES PLAZA","MEDINA DC 2 ASSETS LLC","Private",-77.415243,39.023785,76811,"BUILT","PDIP","SUBURBAN EMPLOYMENT","SUBURBAN",6.01739933615408,1,76811,"2000-06-01","2000-06-01",1999,1,0,"45845 NOKES BLVD"
"045279612000","ALIGNED ENERGY","ALIGNED DATA CENTERS RELO PROPCO LLC","Private",-77.440756,38.988357,304166,"BUILT","OP","SUBURBAN INDUSTRIAL/MINERAL EXTRACTION","SUBURBAN",10.177286638382,1,304166,"2022-10-13","2022-10-13",2024,1,0,"22715 RELOCATION DR"
"042295813000","STAVERTON/SEVERN","ELECTRIC BUILDING LLC","Private",-77.434422,39.021153,36000,"BUILT","PDIP","SUBURBAN MIXED USE","SUBURBAN",2.75415401905417,1,36000,"2014-10-07","2014-10-07",2018,1,0,"1304 SQUIRE CT"
"060298548000","BEAUMEADE","RAGINGWIRE DATA CENTERS INC","Private",-77.455232,39.022159,109320,"BUILT","IP","SUBURBAN EMPLOYMENT","SUBURBAN",7.19596657740073,1,109320,"","",2012,1,0,"44664 GUILFORD DR"
"060108050000","BEAUMEADE","BEAUMEADE TECHNOLOGY PARTNERS LLC","Private",-77.451464,39.020462,152504,"BUILT","IP","SUBURBAN EMPLOYMENT","SUBURBAN",10.7048113716888,1,152504,"2011-06-29","2011-06-29",2011,1,0,"21551 BEAUMEADE CIR"
"030399036000","LOUDOUN TECH CENTER","MEDINA DC 2 ASSETS LLC","Private",-77.413192,39.024998,136482,"BUILT","PDIP","SUBURBAN MIXED USE","SUBURBAN",8.49226033715614,1,136482,"2001-02-12","2001-02-12",2001,1,0,"21110 RIDGETOP CIR"
"060202337000","BEAUMEADE","MONTEREY DC ASSETS LLC","Private",-77.45422,39.021156,164405,"BUILT","IP","SUBURBAN EMPLOYMENT","SUBURBAN",14.0106102567615,2,164405,"1999-11-24","1999-11-24",2000,2,0,"21561 BEAUMEADE CIR; 21571 BEAUMEADE CIR"
"044174648000","BROAD RUN TECHNOLOGY PARK","VERISIGN INC","Private",-77.444469,38.997705,136908,"BUILT","IP","SUBURBAN EMPLOYMENT","SUBURBAN",14.4704439510827,1,136908,"2000-06-20","2000-06-20",2001,1,0,"22340 DRESDEN ST"
"089372808000","DIGITAL REALTY CAMPUS 1","G I P STOUGHTON LLC","Private",-77.485136,39.003287,135000,"BUILT","OP","URBAN TRANSIT CENTER","URBAN",6.75890931959388,1,135000,"2000-12-06","2000-12-06",2001,1,0,"43831 DEVIN SHAFRON DR"
"089367531000","DIGITAL REALTY CAMPUS 1","DIGITAL DEVIN SHAFRON D LLC","Private",-77.487183,39.003358,117000,"BUILT","OP","URBAN TRANSIT CENTER","URBAN",7.74123497059099,1,117000,"2000-12-06","2000-12-06",2001,1,0,"43791 DEVIN SHAFRON DR"
"045159083000","SUMMIT AT DULLES","FR SUMMIT LLC","Private",-77.447453,38.989454,66810,"BUILT","PDGI","SUBURBAN INDUSTRIAL/MINERAL EXTRACTION","SUBURBAN",10.3117881248091,1,66810,"2014-10-07","2014-10-07",2015,1,0,"22630 DULLES SUMMIT CT"
"089382215000","DIGITAL REALTY CAMPUS 1","GI TC DEVIN SHAFRON LLC","Private",-77.482268,39.003392,133560,"BUILT","OP","URBAN TRANSIT CENTER","URBAN",8.16972069878097,1,133560,"2009-07-10","2009-07-10",2010,1,0,"43915 DEVIN SHAFRON DR"
"089278681000","DIGITAL REALTY CAMPUS 1","DIGITAL DEVIN SHAFRON B LLC","Private",-77.483478,39.002295,180000,"BUILT","OP","URBAN TRANSIT CENTER","URBAN",10.3617598874513,1,180000,"","",2001,1,0,"43881 DEVIN SHAFRON DR"
"062462761000","DIGITAL LOUDOUN III (DIGITIAL REALITY CAMPUS 2)","DIGITAL LOUDOUN 3 LLC","Private",-77.467904,39.006582,1065101,"BUILT","OP","SUBURBAN EMPLOYMENT","SUBURBAN",93.6144079952835,3,1065101,"2016-11-17","2022-01-19",2017,3,0,"44372 ROUND TABLE PLZ; 44540 ROUND TABLE PLZ; 44274 ROUND TABLE PLZ"
"061307725000","BEAUMEADE","EQUINIX LLC","Private",-77.451743,39.014868,69800,"BUILT","PDIP","SUBURBAN EMPLOYMENT","SUBURBAN",4.77673108354496,1,69800,"2003-04-18","2003-04-18",2006,1,0,"21301 BEAUMEADE CIR"
"088481748000","ASHBURN CENTER NORTH","ZCOLO LLC","Private",-77.482315,39.017802,286800,"BUILT","IP","SUBURBAN EMPLOYMENT","SUBURBAN",11.0034698663202,1,286800,"2022-01-20","2022-01-20",2023,1,0,"21630 RED RUM DR"
"045252512000","PROLOGIS NOVA 1","DCT DULLES PHASE I LLC","Private",-77.449882,38.98962,243908,"UNDER CONSTRUCTION","GI","SUBURBAN INDUSTRIAL/MINERAL EXTRACTION","SUBURBAN",10.2242231352661,1,243908,"2024-04-03","2024-04-03",NA,0,1,"22665 DULLES SUMMIT CT"
"045254455000","SUMMIT AT DULLES","DCT DULLES PHASE II LLC","Private",-77.448206,38.99042,75802,"BUILT","PDGI","SUBURBAN INDUSTRIAL/MINERAL EXTRACTION","SUBURBAN",5.84858467790911,1,75802,"2011-08-23","2011-08-23",2012,1,0,"22651 DULLES SUMMIT CT"
"045358110000","SUMMIT AT DULLES","DCT DULLES PHASE II LLC","Private",-77.448138,38.990994,103045,"BUILT","PDGI","SUBURBAN INDUSTRIAL/MINERAL EXTRACTION","SUBURBAN",7.424512700495,1,103045,"2011-08-23","2011-08-23",2012,1,0,"22631 DULLES SUMMIT CT"
"042200988000","STAVERTON/SEVERN","GI TC 45360 SEVERN WAY LLC","Private",-77.433429,39.021803,126869,"BUILT","PDIP","SUBURBAN MIXED USE","SUBURBAN",7.65654789699665,1,126869,"2014-10-07","2014-10-07",2012,1,0,"45360 SEVERN WAY W"
"060485060000","ASHBURN VILLAGE","DC-8-9-10 DE LLC","Private",-77.458183,39.029219,642582,"BUILT","PDH4","SUBURBAN EMPLOYMENT","SUBURBAN",34.9937175631001,3,642582,"2013-05-16","2014-10-17",2014,3,0,"21271 SMITH SWITCH RD; 21267 SMITH SWITCH RD; 21263 SMITH SWITCH RD"
"060386530000","BEAUMEADE","NTT GLOBAL DATA CENTERS AMERICAS INC","Private",-77.457802,39.024562,123200,"BUILT","IP","SUBURBAN EMPLOYMENT","SUBURBAN",4.76455714322154,1,123200,"2020-05-18","2020-05-18",2020,1,0,"44610 GUILFORD DR"
"060182916000","ASHBURN CORPORATE CENTER","","Private",-77.460096,39.020846,287980,"BUILT","IP","SUBURBAN EMPLOYMENT","SUBURBAN",22.0686106210874,3,287980,"2000-08-30","2001-05-01",2001,3,0,"44470 CHILUM PL; 44520 HASTINGS DR; 44490 CHILUM PL"
"089374763000","DIGITAL REALTY CAMPUS 1","","Private",-77.484533,39.004033,240326,"BUILT","IP","URBAN TRANSIT CENTER","URBAN",16.5028934924756,2,240326,"2010-07-23","2010-07-23",2011,2,0,"43830 DEVIN SHAFRON DR; 43790 DEVIN SHAFRON DR"
"045175529000","CONCORDE INDUSTRIAL PARK","MCP 22745 & 22755 RELOCATION DRIVE LLC","Private",-77.441731,38.985894,251091,"BUILT","IP","SUBURBAN INDUSTRIAL/MINERAL EXTRACTION","SUBURBAN",16.6734926075851,2,251091,"2014-02-06","2014-02-06",2015,2,0,"22745 RELOCATION DR; 22755 RELOCATION DR"
"089291706000","DIGITAL REALTY CAMPUS 1","DIGITAL LOUDOUN PKWY CTR NORTH LLC","Private",-77.477803,39.000533,929347,"BUILT","OP","URBAN TRANSIT CENTER","URBAN",38.2080786831384,4,929347,"2013-03-21","2016-03-16",2014,4,0,"43780 DIGITAL LOUDOUN PLZ; 43940 DIGITAL LOUDOUN PLZ; 44060 DIGITAL LOUDOUN PLZ"
"088200644000","QUANTUM PARK (VERIZON CAMPUS)","EQUINIX LLC","Private",-77.475329,39.012592,108336,"BUILT","OP","SUBURBAN EMPLOYMENT","SUBURBAN",6.21439742837076,1,108336,"2000-01-19","2000-01-19",2000,1,0,"21830 UUNET DR"
"034468458000","DULLES INTERNATIONAL","22810-22860 INTERNATIONAL DRIVE LLC","Private",-77.423999,38.984667,121008,"BUILT","IP","SUBURBAN EMPLOYMENT","SUBURBAN",12.1462306033287,2,121008,"1999-02-05","1999-08-03",1999,2,0,"22860 INTERNATIONAL DR; 22810 INTERNATIONAL DR"
"034462865000","DULLES INTERNATIONAL","C1 NORTHERN VIRGINIA - STERLING IV LLC","Private",-77.424902,38.985252,128521,"BUILT","IP","SUBURBAN EMPLOYMENT","SUBURBAN",9.9559648070101,1,128521,"","",2017,1,0,"22811 INTERNATIONAL DR"
"044370416000","DIGITAL LOUDOUN IV","DIGITAL LOUDOUN IV LLC","Private",-77.451651,39.004866,788982,"BUILT","IP","SUBURBAN EMPLOYMENT","SUBURBAN",111.780909997656,2,788982,"2020-03-25","2023-08-28",2021,2,0,"22125 BRODERICK DR; 44820 PRENTICE DR"
"060307119000","BEAUMEADE","BCORE COPT DC-15 LLC","Private",-77.450718,39.026083,447228,"BUILT","IP","SUBURBAN EMPLOYMENT","SUBURBAN",37.9371294872615,3,447228,"2015-10-15","2016-04-08",2016,3,0,"44858 INTERCONNECTION PL; 44862 INTERCONNECTION PL; 44854 INTERCONNECTION PL"
"041352218000","ST JOHN & BEAUMEADE","BEAUMEADE LC PHASE III LLC","Private",-77.449254,39.036551,147615,"BUILT","IP","SUBURBAN EMPLOYMENT","SUBURBAN",10.1147521986405,1,147615,"2019-03-27","2019-03-27",2019,1,0,"20935 LOUDOUN COUNTY PKWY"
"059309091000","ST JOHN & BEAUMEADE","BEAUMEADE LC PHASE III LLC","Private",-77.450719,39.036484,147615,"BUILT","IP","SUBURBAN EMPLOYMENT","SUBURBAN",10.7024296617921,1,147615,"2018-01-11","2018-01-11",2018,1,0,"20945 LOUDOUN COUNTY PKWY"
"060209652000","BEAUMEADE","EQUINIX RP II LLC","Private",-77.44901,39.02341,977543,"BUILT","IP","SUBURBAN EMPLOYMENT","SUBURBAN",40.2751447158841,4,977543,"2017-08-25","2025-05-02",2017,3,1,"44780 PERFORMANCE CIR; 44740 PERFORMANCE CIR; 44790 PERFORMANCE CIR"
"124369522000","CYRUSONE","C1 NORTHERN VIRGINIA - STERLING IX LLC","Private",-77.504145,38.958882,691656,"BUILT/UNDER CONSTRUCTION","GI","SUBURBAN INDUSTRIAL/MINERAL EXTRACTION","SUBURBAN",39.814508364982,3,691656,"2020-11-19","2025-07-07",2021,2,1,"43304 OLD OX RD; 43290 OLD OX RD; 43294 OLD OX RD"
"061361948000","DUPONT FABROS 1","BLUE SLING ACC 9 LLC","Private",-77.468016,39.015963,362108,"BUILT","OP","SUBURBAN EMPLOYMENT","SUBURBAN",18.8314723736151,1,362108,"2016-06-21","2016-06-21",2017,1,0,"21745 SIR TIMOTHY DR"
"061268762000","DUPONT FABROS 1","BLUE SLING ACC 10 LLC","Private",-77.467186,39.014008,318143,"BUILT","OP","SUBURBAN EMPLOYMENT","SUBURBAN",16.556023157198,1,318143,"2017-06-21","2017-06-21",2018,1,0,"21744 SIR TIMOTHY DR"
"042197707000","PARAGON PARK","BCORE COPT DC-21 LLC","Private",-77.433641,39.020188,296380,"BUILT","IP","SUBURBAN MIXED USE","SUBURBAN",24.363800115347,2,296380,"2017-06-02","2017-06-02",2017,2,0,"45305 SEVERN WAY W; 45295 SEVERN WAY W"
"030296913000","TALL OAKS","C1 NORTHERN VIRGINIA - STERLING VIII LLC","Private",-77.413152,39.021139,154125,"BUILT","IP","SUBURBAN EMPLOYMENT","SUBURBAN",9.71647003704381,1,154125,"2017-08-25","2017-08-25",2018,1,0,"45905 MARIES RD"
"030382006000","TALL OAKS","MARIES TECH PARK LLC","Private",-77.419185,39.023941,426710,"BUILT","IP","SUBURBAN EMPLOYMENT","SUBURBAN",19.5719915762284,2,426710,"2018-06-15","2018-10-10",2019,2,0,"45761 MARIES RD; 45771 MARIES RD"
"033201325000","TRANSDULLES","AMAZON DATA SERVICES INC","Private",-77.411765,38.987646,437160,"BUILT","PDIP","SUBURBAN EMPLOYMENT","SUBURBAN",33.0803507517823,3,437160,"2017-01-13","2017-03-10",2017,3,0,"45900 PATHFINDER PLZ; 45950 PATHFINDER PLZ; 45930 PATHFINDER PLZ"
"034365461000","JK CORPORATE CAMPUS","DULLES NCP LLC","Private",-77.42523,38.982533,203200,"BUILT","IP","SUBURBAN EMPLOYMENT","SUBURBAN",13.0006684896136,1,203200,"2018-10-04","2018-10-04",2019,1,0,"22916 INTERNATIONAL DR"
"044282013000","BROAD RUN TECHNOLOGY PARK","GI TC LOUDOUN LLC","Private",-77.439852,39.000415,97577,"BUILT","OP","SUBURBAN EMPLOYMENT","SUBURBAN",23.8399448076314,1,97577,"2019-05-13","2019-05-13",2019,1,0,"22262 CLOUD PLZ"
"097398776000","","ML-AI QCC OWNER LLC","Private",-77.477199,38.916708,508026,"BUILT","GI","SUBURBAN INDUSTRIAL/MINERAL EXTRACTION","SUBURBAN",43.4015709770525,3,508026,"2018-05-17","2018-08-24",2019,3,0,"25420 SUTTON BAY PLZ; 25430 SUTTON BAY PLZ; 25390 SUTTON BAY PLZ"
"124299328000","PROLOGIS PARK GATEWAY - RT 606","PROLOGIS-EXCHANGE 43461 OLD OX ROAD LLC","Private",-77.496243,38.957836,474570,"BUILT","GI","SUBURBAN INDUSTRIAL/MINERAL EXTRACTION","SUBURBAN",27.034605381882,3,474570,"2018-05-02","2018-08-03",2018,3,0,"23845 ERINS RUN DR; 23835 ERINS RUN DR; 23825 ERINS RUN DR"
"088101859000","QUANTUM PARK (VERIZON CAMPUS)","ALIGNED ENERGY DATA CENTERS IAD PROPCO LLC","Private",-77.475315,39.009616,4800,"BUILT","OP","SUBURBAN EMPLOYMENT","SUBURBAN",10.8496660916657,1,4800,"2020-07-27","2020-07-27",2021,1,0,"21821 UUNET DR"
"061355894000","QUANTUM PARK (VERIZON CAMPUS)","ALIGNED ENERGY DATA CENTERS (ASHBURN)\ PROPCO LLC","Private",-77.470185,39.014198,368325,"BUILT","OP","SUBURBAN EMPLOYMENT","SUBURBAN",8.85307916901012,1,368325,"2018-11-30","2018-11-30",2019,1,0,"21890 UUNET DR"
"246200886000","QUAIL RIDGE","AMAZON DATA SERVICES INC","Private",-77.560659,38.949482,408026,"BUILT","IP","SUBURBAN EMPLOYMENT","SUBURBAN",23.4717344942025,2,408026,"2019-09-26","2019-12-02",2020,2,0,"24224 QUAIL RIDGE LN; 24244 QUAIL RIDGE LN"
"246203645000","QUAIL RIDGE","AMAZON DATA SERVICES INC","Private",-77.558801,38.94829,505200,"UNDER CONSTRUCTION","IP","SUBURBAN EMPLOYMENT","SUBURBAN",33.0808750527728,2,505200,"2023-05-25","2023-05-25",NA,0,2,"24234 QUAIL RIDGE LN; 24214 QUAIL RIDGE LN"
"061285496000","LOUDOUN CENTER - WORLDCOM/UUNET","LOHRASP VENTURES LLC","Private",-77.458647,39.011245,585593,"BUILT","OP","SUBURBAN EMPLOYMENT","SUBURBAN",15.3612970954595,1,585593,"2022-06-29","2022-06-29",2025,1,0,"44631 WAXPOOL RD"
"062493798000","DIGITAL LOUDOUN III (DIGITIAL REALITY CAMPUS 2)","DIGITAL LOUDOUN 3 LLC","Private",-77.457851,39.008766,312207,"BUILT","OP","SUBURBAN EMPLOYMENT","SUBURBAN",31.731014605701,1,312207,"2018-12-28","2018-12-28",2019,1,0,"44751 ROUND TABLE PLZ"
"044288975000","ASHBURN NEXUS/PROJECT VIPER","","Private",-77.437109,39.001517,484862,"BUILT","OP","SUBURBAN EMPLOYMENT","SUBURBAN",19.0404888538335,2,484862,"2018-05-23","2020-06-30",2019,2,0,"45200 VANTAGE DATA PLZ; 45194 VANTAGE DATA PLZ"
"040464286000","COMMONWEALTH CENTER","VISA USA INC","Private",-77.445708,39.050555,365855,"BUILT","IP","SUBURBAN MIXED USE","SUBURBAN",41.2697458864592,1,365855,"2007-08-03","2007-08-03",2008,1,0,"45005 RUSSELL BRANCH PKWY"
"061275931000","LOUDOUN CENTER - WORLDCOM/UUNET","KAVEH VENTURES LLC","Private",-77.463325,39.01278,499438,"BUILT","OP","SUBURBAN EMPLOYMENT","SUBURBAN",15.722824679275,1,499438,"2019-01-09","2019-01-09",2020,1,0,"44621 WAXPOOL RD"
"034263373000","JK CORPORATE CAMPUS","DULLES NCP II LLC","Private",-77.426648,38.980089,169960,"BUILT","IP","SUBURBAN EMPLOYMENT","SUBURBAN",8.31005961392365,1,169960,"2019-12-16","2019-12-16",2020,1,0,"23005 INTERNATIONAL DR"
"034357851000","JK CORPORATE CAMPUS","DULLES NCP LLC","Private",-77.427797,38.981957,147890,"BUILT","IP","SUBURBAN EMPLOYMENT","SUBURBAN",17.4402783998831,1,147890,"2018-06-22","2018-06-22",2018,1,0,"22945 INTERNATIONAL DR"
"045494813000","HIGHPOINT","22350 KIPPER (VA) LLC","Private",-77.435334,38.994549,203460,"BUILT","IP","SUBURBAN EMPLOYMENT","SUBURBAN",10.6448410349282,1,203460,"2020-01-28","2020-01-28",2020,1,0,"22420 KIPPER DR"
"044193385000","HIGHPOINT","22350 KIPPER VA LLC","Private",-77.436174,38.996795,214360,"BUILT","IP","SUBURBAN EMPLOYMENT","SUBURBAN",14.3636024090925,1,214360,"2019-08-02","2019-08-02",2020,1,0,"22370 KIPPER DR"
"061177666000","DUPONT FABROS 1","","Private",-77.461657,39.009389,462210,"BUILT","OP","SUBURBAN EMPLOYMENT","SUBURBAN",29.965472446768,1,462210,"","",2018,1,0,"21955 LOUDOUN COUNTY PKWY"
"034385918000","WATERSIDE NORTH","WATERSIDE I LLC","Private",-77.418416,38.979629,976046,"BUILT","IP","SUBURBAN EMPLOYMENT","SUBURBAN",73.9020182705687,6,976046,"2019-07-17","2022-05-09",2020,6,0,"22900 PLATFORM PLZ; 45795 OPTICS PLZ; 45775 OPTICS PLZ"
"045352692000","BROAD RUN TECHNOLOGY PARK","FR RANDOLPH DRIVE LLC","Private",-77.450282,38.993429,1920,"BUILT","GI","SUBURBAN EMPLOYMENT","SUBURBAN",13.9598772308591,1,1920,"2016-09-20","2016-09-20",2016,1,0,"22520 RANDOLPH DR"
"045458114000","FOUR CORNERS","QTS DULLES LLC","Private",-77.447674,38.994337,64669,"BUILT","IP","SUBURBAN EMPLOYMENT","SUBURBAN",2.98578640756485,1,64669,"2012-03-26","2012-03-26",2013,1,0,"44874 MORAN RD"
"089104437000","PROJECT SAMUEL","QTS SHELLHORN, LLC","Private",-77.474382,38.999498,256348,"BUILT","OP","URBAN TRANSIT CENTER","URBAN",10.9210512209661,1,256348,"2021-08-27","2021-08-27",2022,1,0,"22271 SHELLHORN RD"
"089100937000","PROJECT SAMUEL","QTS SHELLHORN, LLC","Private",-77.475383,38.999505,310717,"BUILT","OP","URBAN TRANSIT CENTER","URBAN",14.3069977212596,1,310717,"2020-07-22","2020-07-22",2021,1,0,"22291 SHELLHORN RD"
"061407107000","BEAUMEADE","BEAUMEADE DC BUILDING LLC","Private",-77.451576,39.017058,190250,"BUILT","IP","SUBURBAN EMPLOYMENT","SUBURBAN",9.55772649074509,1,190250,"2021-04-19","2021-04-19",2022,1,0,"21320 BEAUMEADE CIR"
"061303369000","BEAUMEADE","BEAUMEADE DC BUILDING LLC","Private",-77.453643,39.015608,190250,"BUILT","IP","SUBURBAN EMPLOYMENT","SUBURBAN",8.67928452045277,1,190250,"2021-04-19","2021-04-19",2022,1,0,"21310 BEAUMEADE CIR"
"042152579000","BEAUMEADE","AREP BEAUMEADE LLC","Private",-77.449874,39.01943,247420,"BUILT","IP","SUBURBAN EMPLOYMENT","SUBURBAN",10.1705354910775,1,247420,"2022-08-31","2022-08-31",2023,1,0,"21529 BEAUMEADE CIR"
"162392026000","ICSP @ ARCOLA","AMAZON DATA SERVICES, INC","Private",-77.521821,38.948644,529051,"BUILT","GI","SUBURBAN INDUSTRIAL/MINERAL EXTRACTION","SUBURBAN",63.5979529889707,6,529051,"2015-12-08","2020-12-11",2017,6,0,"24141 UPPER WOODSIDE LN; 24185 UPPER WOODSIDE LN; 24178 UPPER WOODSIDE LN"
"235297431000","COMPASS CREEK","MICROSOFT CORP","Private",-77.561423,39.068271,1147995,"BUILT/UNDER CONSTRUCTION","TOWNS","TOWNS","TOWN",324.009944561718,7,1147995,"2020-08-24","2024-08-27",2021,4,3,"19540 COMPASS CREEK PKWY; 19515 COMPASS CREEK PKWY; 41730 INCLUSION LN"
"162176713000","ARCOLA CENTER","WHEELER SURVEY COMPANY LLC","Private",-77.529837,38.942475,323202,"BUILT/UNDER CONSTRUCTION","IP","SUBURBAN MIXED USE","SUBURBAN",118.986804951414,4,714330,"2019-05-21","2025-08-27",2019,2,2,"24550 HOWLING ROOSTER LN; 24555 HOWLING ROOSTER LN; 24531 HOWLING ROOSTER LN"
"043482656000","PARAGON PARK","CABIN BRANCH CREEK LLC","Private",-77.438403,39.017645,685682,"BUILT","IP","SUBURBAN EMPLOYMENT","SUBURBAN",53.9623080740791,4,685682,"2019-08-01","2020-04-27",2020,4,0,"21660 CHARLES VIEW DR; 21641 CHARLES VIEW DR; 21710 CHARLES VIEW DR"
"044261032000","BROAD RUN TECHNOLOGY PARK","SI NVA01, LLC","Private",-77.442241,39.005248,180039,"BUILT","OP","SUBURBAN EMPLOYMENT","SUBURBAN",15.9820786781723,1,180039,"1997-09-08","1997-09-08",1998,1,0,"22080 PACIFIC BLVD"
"045299249000","DIGITAL STERLING PREMEIRE","DIGITAL STERLING PREMIER LLC","Private",-77.433958,38.989462,258200,"BUILT","IP","SUBURBAN EMPLOYMENT","SUBURBAN",13.7716005257764,1,258200,"2022-06-07","2022-06-07",2023,1,0,"22574 PACIFIC BLVD"
"063494014000","WEST DULLES STATION","QTS LOCKRIDGE DC2 LLC","Private",-77.457309,38.995278,274450,"BUILT","IP","URBAN TRANSIT CENTER","URBAN",9.02401337282027,1,274450,"2022-05-19","2022-05-19",2025,1,0,"44655 QUALITY TECH LN"
"063498140000","WEST DULLES STATION","ASHBURN ACQUISITION CO II LLC","Private",-77.455763,38.995996,308630,"BUILT","IP","URBAN TRANSIT CENTER","URBAN",14.4392741633059,1,308630,"2022-03-09","2022-03-09",2023,1,0,"44675 QUALITY TECH LN"
"044381108000","BROAD RUN TECHNOLOGY PARK","","Private",-77.439747,39.003094,729298,"BUILT","OP","SUBURBAN EMPLOYMENT","SUBURBAN",17.683272386689,2,729298,"2021-08-05","2022-04-11",2022,2,0,"45070 VANTAGE DATA PLZ; 45130 VANTAGE DATA PLZ"
"234382603000","COMPASS CREEK","","Private",-77.564798,39.080677,NA,"BUILT/UNDER CONSTRUCTION","TOWNS","TOWNS","TOWN",33.1779567982433,NA,NA,"","",2021,NA,NA,""
"045195615000","LOUDOUN GATEWAY CENTER","AMAZON DATA SERVICES INC","Private",-77.436123,38.986823,226456,"BUILT","IP","SUBURBAN EMPLOYMENT","SUBURBAN",17.0902697658733,1,226456,"2023-03-20","2023-03-20",NA,1,0,"22760 PACIFIC BLVD"
"044152877000","BROAD RUN BUSINESS CENTER","QTS INVESTMENT PROPERTIES ASHBURN LLC","Private",-77.449922,38.999946,427337,"BUILT","IP","SUBURBAN EMPLOYMENT","SUBURBAN",16.3304643186276,1,427337,"2017-08-29","2017-08-29",2019,1,0,"22271 BRODERICK DR"
"097354183000","ICSP @ EASTGATE","AMAZON DATA SERVICES, INC","Private",-77.493603,38.917079,778085,"BUILT","CLI","SUBURBAN COMMERCIAL","SUBURBAN",48.03941170896,6,778085,"2015-06-05","2021-06-21",2016,6,0,"25316 PREDICTION LN; 43774 CLUBBER LN; 43764 CLUBBER LN"
"030455548000","EDGECORE DULLES","MECP1 ASHBURN 1 LLC","Private",-77.427551,39.028515,258716,"BUILT","OP","SUBURBAN MIXED USE","SUBURBAN",12.5504193489659,1,258716,"2021-02-23","2021-02-23",2022,1,0,"21215 ATLANTIC BLVD"
"029151508000","EDGECORE DULLES","MECP2 ASHBURN 2 LLC","Private",-77.428591,39.030317,258716,"BUILT","OP","SUBURBAN MIXED USE","SUBURBAN",10.6106661113346,1,258716,"2020-12-11","2020-12-11",2022,1,0,"21205 ATLANTIC BLVD"
"041108666000","EDGECORE DULLES","MECP3 ASHBURN 3 LLC","Private",-77.430033,39.031583,258716,"BUILT","OP","SUBURBAN MIXED USE","SUBURBAN",13.6410410026515,1,258716,"2020-11-12","2020-11-12",2021,1,0,"21195 ATLANTIC BLVD"
"061307791000","BEAUMEADE","ASHBURN DATA PROPERTY OWNER LP","Private",-77.452092,39.013893,210170,"UNDER CONSTRUCTION","IP","SUBURBAN EMPLOYMENT","SUBURBAN",5.24487532235294,1,210170,"2023-05-26","2023-05-26",NA,0,1,"21800 BEAUMEADE CIR"
"203354208000","ARCOLA BUSINESS PARK","MICROSOFT CORP","Private",-77.555199,38.947484,735117,"BUILT","IP","SUBURBAN EMPLOYMENT","SUBURBAN",64.7575544179946,3,735117,"2021-10-12","2024-06-25",2024,1,2,"42010 GROWTH MINDSET LN; 42031 GROWTH MINDSET LN; 41840 GROWTH MINDSET LN"
"030393965000","LOUDOUN TECH CENTER","","Private",-77.414269,39.025069,114332,"BUILT","IP","SUBURBAN MIXED USE","SUBURBAN",14.3404355444191,1,114332,"2014-05-15","2014-05-15",2015,1,0,"21111 RIDGETOP CIR"
"032155119000","VANTAGE DATA CENTER - STERLING","VANTAGE DATA CENTERS VA2 LLC","Private",-77.42877,38.997618,423068,"BUILT","IP","SUBURBAN MIXED USE","SUBURBAN",18.4735494915372,2,423068,"2023-04-11","2023-07-10",2024,2,0,"22365 GLENN DR; 22435 GLENN DR"
"194103673000","TRUE NORTH","","Private",-77.537669,39.043257,508475,"BULT/UNDER CONSTRUCTION","OP","TRANSITION LIGHT INDUSTRIAL","TRANSITION",97.1873268054929,5,508475,"2018-11-05","2023-11-15",2022,4,1,"42254 THUNDERBALL DR; 42311 THUNDERBALL DR; 42255 THUNDERBALL DR"
"193274995000","STONEWALL SECURE BUSINESS PARK (LOUDOUN WEST)","NOVA BUILDING 2 LLC","Private",-77.546851,39.056349,413099,"UNDER CONSTRUCTION","IP","TRANSITION LIGHT INDUSTRIAL","TRANSITION",10.1942316298603,1,413099,"2024-01-03","2024-01-03",NA,0,1,"20335 CELTIC PARK DR"
"193276668000","STONEWALL SECURE BUSINESS PARK (LOUDOUN WEST)","NOVA BUILDING 1 LLC","Private",-77.546517,39.057115,414253,"BUILT","IP","TRANSITION LIGHT INDUSTRIAL","TRANSITION",7.10620348820005,1,414253,"2024-01-03","2024-01-03",2024,1,0,"20575 CELTIC PARK DR"
"193367800000","SYCOLIN ROAD DISTRIBUTION CENTER","SCANNELL PROPERTIES #349 LLC","Private",-77.550579,39.05947,198300,"BUILT","IP","TRANSITION LIGHT INDUSTRIAL","TRANSITION",36.0601946953394,1,198300,"2023-01-31","2023-01-31",2024,1,0,""
"044292829000","","","Private",-77.43661,39.000035,182782,"UNDER CONSTRUCTION","OP","SUBURBAN EMPLOYMENT","SUBURBAN",4.78238725198181,1,182782,"2024-07-01","2024-07-01",NA,0,1,"45210 VANTAGE DATA PLZ"
"044175589000","BROAD RUN TECHNOLOGY PARK","VANTAGE DATA CENTERS VA16 LLC","Private",-77.442067,38.999372,255935,"UNDER CONSTRUCTION","IP","SUBURBAN EMPLOYMENT","SUBURBAN",9.79911613636259,1,255935,"2024-11-19","2024-11-19",NA,0,1,"22321 PACIFIC BLVD"
"093365404000","DIGITAL DULLES","DIGITAL WL 2834 LLC","Private",-77.492811,38.961144,NA,"BUILT/UNDER CONSTRUCTION","GI","SUBURBAN INDUSTRIAL/MINERAL EXTRACTION","SUBURBAN",163.095769880668,4,2350571,"2022-04-26","2025-04-23",2023,1,3,"43704 EFFICIENCY DR; 43705 EFFICIENCY DR; 43715 EFFICIENCY DR"
"045282657000","DOWNS INDUSTRIAL PARK","DCT DULLES DOWNS LLC","Private",-77.441549,38.990591,287460,"BUILT","PDIP","SUBURBAN EMPLOYMENT","SUBURBAN",22.6875911752225,2,287460,"2015-10-08","2015-11-02",2016,2,0,"45110 LOUDOUN DOWNS LN; 45111 LOUDOUN DOWNS LN"
"088381462000","ASHBURN CENTER NORTH","","Private",-77.482647,39.016128,319504,"BUILT","IP","SUBURBAN EMPLOYMENT","SUBURBAN",15.1867892707646,3,319504,"2007-09-11","2024-10-15",2008,3,0,"21631 RED RUM DR; 21625 RED RUM DR; 21635 RED RUM DR"
"045391908000","","PROLOGIS","Private",-77.436656,38.991188,143337,"BUILT","IP","SUBURBAN EMPLOYMENT","SUBURBAN",9.58058558312607,2,143337,"2008-04-09","2008-04-09",2014,2,0,"45220 PROLOGIS PLZ; 45210 PROLOGIS PLZ"
"088392214000","ASHBURN TECHNOLOGY PARK","INTERGATE ASHBURN I LLC","Private",-77.476849,39.013451,324000,"UNDER CONSTRUCTION","IP","SUBURBAN EMPLOYMENT","SUBURBAN",12.9731678486385,1,324000,"2024-06-07","2024-06-07",NA,0,1,"21735 RED RUM DR"
"113272390000","VANTAGE DATA CENTER - VA3","","Private",-77.505057,39.077898,385398,"BUILT","IP","SUBURBAN MIXED USE","SUBURBAN",16.1854906827816,1,385398,"2023-11-17","2023-11-17",2024,1,0,"19509 BELMONT RIDGE RD"
"089208954000","DULLES BERRY (DUPONT FABROS 3)","","Private",-77.47363,39.001652,616650,"UNDER CONSTRUCTION","PDRDP","URBAN TRANSIT CENTER","URBAN",30.904503543249,1,616650,"2022-08-25","2022-08-25",NA,0,1,"22210 LOUDOUN COUNTY PKWY"
"088389930000","ASHBURN TECHNOLOGY PARK","","Private",-77.479193,39.015227,982944,"BUILT","IP","SUBURBAN EMPLOYMENT","SUBURBAN",21.3283048038675,2,982944,"2012-06-27","2018-05-07",2017,2,0,"21745 RED RUM DR; 21741 RED RUM DR"
"042394385000","KINCORA","UNIT OWNERS-GENERAL COMMON ELEMENT","Private",-77.433765,39.025858,344284,"BUILT","PDMUB","SUBURBAN MIXED USE","SUBURBAN",39.7034988499306,2,344284,"2018-04-27","2019-11-18",2019,2,0,"21350 PACIFIC BLVD; 21340 PACIFIC BLVD"
"122207249000","NORTHWOODS","","Private",-77.493498,38.981368,258716,"UNDER CONSTRUCTION","GI","SUBURBAN INDUSTRIAL/MINERAL EXTRACTION","SUBURBAN",11.9114288807056,1,258716,"2024-11-15","2024-11-15",NA,0,1,"43975 LIGHT SPEED PLZ"
"043176560000","DULLES 28 TECHNOLOGY PARK","LONG DRIVE LAND CO LLC","Private",-77.441035,39.010412,254174,"UNDER CONSTRUCTION","IP","SUBURBAN MIXED USE","SUBURBAN",13.2758843425656,1,254174,"2025-01-02","2025-01-02",NA,0,1,"45870 MEMPHIS PLZ"
"043171795000","DULLES 28 TECHNOLOGY PARK","LONG DRIVE LAND CO LLC","Private",-77.443385,39.007653,254144,"UNDER CONSTRUCTION","IP","SUBURBAN MIXED USE","SUBURBAN",15.0202976944616,1,254144,"2025-03-21","2025-03-21",NA,0,1,"45955 MEMPHIS PLZ"
"030292034000","45865 MARIES ROAD","MECP 1 ASHBURN 2 LLC","Private",-77.414927,39.021703,416115,"UNDER CONSTRUCTION","IP","SUBURBAN EMPLOYMENT","SUBURBAN",9.61876737671881,1,416115,"2025-02-26","2025-02-26",NA,0,1,"45831 MARIES RD"
"044155625000","BROAD RUN TECHNOLOGY PARK","QTS INVESTMENT PROPERTIES ASHBURN LLC","PRIVATE",-77.449126,38.998029,189890,"UNDER CONSTRUCTION","IP","SUBURBAN EMPLOYMENT","SUBURBAN",7.25640073202867,1,189890,"2025-01-15","2025-01-15",NA,0,1,"22280 RANDOLPH DR"
"089496314000","LOUDOUN METRO","CONDOMINIUM COMMON ELEMENT  ","Private",-77.475656,39.006292,478908,"UNDER CONSTRUCTION","OP","URBAN TRANSIT CENTER","URBAN",24.8976404114583,1,478908,"2025-02-13","2025-02-13",NA,0,1,"22235 LOUDOUN COUNTY PKWY"
"060170268000","ASHBURN CORPORATE CENTER","FOX PROPERTIES LLC","Private",-77.463025,39.019973,611491,"BUILT","IP","SUBURBAN EMPLOYMENT","SUBURBAN",32.1117131812285,2,611491,"2008-03-13","2010-08-20",2009,2,0,"44521 HASTINGS DR; 44461 CHILUM PL"
"061467942000","ASHBURN CORPORATE CENTER","ALSHAIN VENTURES LLC","Private",-77.465072,39.017321,446513,"BUILT","IP","SUBURBAN EMPLOYMENT","SUBURBAN",25.4157770174397,1,446513,"2013-06-07","2013-06-07",2014,1,0,"21625 GRESHAM DR"
"060178810000","ASHBURN CORPORATE CENTER","GRIZZLY VENTURES LLC","Private",-77.463259,39.018304,286865,"BUILT","IP","SUBURBAN EMPLOYMENT","SUBURBAN",18.5621879211102,1,286865,"2006-08-30","2006-08-30",2007,1,0,"44480 HASTINGS DR"
"060189720000","BEAUMEADE","21673 BEAUMEADE CIRCLE LLC","Private",-77.457477,39.019121,455795,"BUILT","IP","SUBURBAN EMPLOYMENT","SUBURBAN",22.6313290867639,1,455795,"2022-09-13","2022-09-13",2023,1,0,"21745 BEAUMEADE CIR"
"061483407000","BEAUMEADE","EQUINIX LLC","Private",-77.457988,39.015341,779265,"BUILT","IP","SUBURBAN EMPLOYMENT","SUBURBAN",31.9154072828493,6,779265,"1997-12-04","2009-10-26",1998,6,0,"21691 FILIGREE CT; 21701 FILIGREE CT; 21721 FILIGREE CT"
"061450432000","ASHBURN TECHNOLOGY PARK (BOS OF LOUDOUN COUNTY)","NTT GLOBAL DATA CENTERS VA LLC","Private",-77.471389,39.017331,1085670,"BUILT/UNDER CONSTRUCTION","IP","SUBURBAN EMPLOYMENT","SUBURBAN",53.7331153900075,5,1085670,"2017-01-27","2025-05-08",2018,4,1,"44760 GIGABIT PLZ; 44245 GIGABIT PLZ; 44371 GIGABIT PLZ"
"087100681000","ASHBURN TECHNOLOGY PARK (BOS OF LOUDOUN COUNTY)","NTT GLOBAL DATA CENTERS VA LLC","Private",-77.473814,39.016572,217934,"BUILT","IP","SUBURBAN EMPLOYMENT","SUBURBAN",24.1876510280587,1,217934,"2022-08-09","2022-08-09",2023,1,0,"44710 GIGABIT PLZ"
"193178229000","STONEWALL SECURE BUSINESS PARK (LOUDOUN WEST)","NOVA BUILDING 4 LLC  ","Private",-77.546324,39.05419,353319,"UNDER CONSTRUCTION","IP","TRANSITION LIGHT INDUSTRIAL","TRANSITION",8.86633831033645,1,353319,"2025-01-31","2025-01-31",NA,0,1,"42590 PATRIOT PARK DR"
"193281883000","STONEWALL SECURE BUSINESS PARK (LOUDOUN WEST)","NOVA BUILDING 3 LLC  ","Private",-77.544838,39.055539,413099,"UNDER CONSTRUCTION","IP","TRANSITION LIGHT INDUSTRIAL","TRANSITION",9.88153527588172,1,413099,"2025-01-31","2025-01-31",NA,0,1,"42376 PATRIOT PARK DR"
"046368231000","LE BOURGET BUSINESS PARK","22995 WILDER COURT LLC","Private",-77.443678,38.980304,130432,"BUILT","PDGI","SUBURBAN INDUSTRIAL/MINERAL EXTRACTION","SUBURBAN",11.5106994421414,1,130432,"1999-12-30","1999-12-30",2006,1,0,"22995 WILDER CT"
"203371445000","EVERGREEN MEADOWS","YONDR JK 2 LLC","Private",-77.549457,38.950184,335638,"BUILT","IP","SUBURBAN EMPLOYMENT","SUBURBAN",27.0668755909278,1,335638,"2023-10-17","2023-10-17",2024,1,0,"24171 YOUNGWOOD LN"
"161253540000","","TECH PARK AT BRAMBLETON LLC","Private",-77.535866,38.95728,429213,"UNDER CONSTRUCTION","IP","SUBURBAN INDUSTRIAL/MINERAL EXTRACTION","SUBURBAN",15.3549813281566,1,429213,"2025-08-21","2025-08-21",NA,0,1,"42831 GRUMPY TOAD PLZ"
"044461959000","PACIFIC CORPORATE PARK","PACIFIC-ASHBURN CAMPUS LLC","Private",-77.447039,39.004684,1027499,"UNDER CONSTRUCTION","IP","SUBURBAN EMPLOYMENT","SUBURBAN",43.0826676239288,3,1027499,"2025-06-05","2025-07-29",NA,0,3,"22214 POWER PLAYER LN; 22279 POWER PLAYER LN; 22190 POWER PLAYER LN"
"203170856000","INOVA HEALTH SYSTEM PLAN","AMAZON DATA SERVICES, INC","Private",-77.548125,38.94416,429213,"UNDER CONSTRUCTION","IP","SUBURBAN EMPLOYMENT","SUBURBAN",14.6259823243473,1,429213,"2025-05-06","2025-05-06",NA,0,1,"42090 REEDS FARM LN"
"061394321000","BEAUMEADE","DIGITAL FILIGREE LLC","Private",-77.456659,39.014289,336544,"UNDER CONSTRUCTION","IP","SUBURBAN EMPLOYMENT","SUBURBAN",13.1272479455181,1,336544,"2025-07-09","2025-07-09",NA,0,1,"21780 FILIGREE CT"
"113167503000","BELMONT INNOVATION STATION","LOUDOUN PROP 7 LLC","Private",-77.50851,39.075583,243984,"UNDER CONSTRUCTION","IP","SUBURBAN EMPLOYMENT","SUBURBAN",17.8248482707366,1,243984,"2025-07-08","2025-07-08",NA,0,1,"19560 HYPERSPACE LN"
"045465016000","1501 MORAN ROAD","1501 MORAN ROAD DEVELOPMENT OWNER LLC","Private",-77.44568,38.995314,245801,"UNDER CONSTRUCTION","IP","SUBURBAN EMPLOYMENT","SUBURBAN",7.4243711600287,1,245801,"2025-08-29","2025-08-29",NA,0,1,"22425 SOUS VIDE LN"
"030286764000","TALL OAKS","MARIES TECH PARK II LLC","Private",-77.416721,39.022499,218112,"UNDER CONSTRUCTION","IP","SUBURBAN EMPLOYMENT","SUBURBAN",9.57783697595039,1,218112,"2025-04-09","2025-04-09",NA,0,1,"45757 MARIES RD"
"233108602000","","EPL REALTY LLC","Private",-77.55651,39.085121,140538,"UNDER CONSTRUCTION","TOWNS","TOWNS","TOWN",4.7202440852646,1,140538,"2023-05-22","2023-05-22",NA,0,1,"102 BLUE SEAL DR SE"
"045399350000","DIGITAL STERLING PREMEIRE","DIGITAL GOLD STERLING LLC","Private",-77.43405,38.992045,180355,"BUILT","IP","SUBURBAN EMPLOYMENT","SUBURBAN",5.59886713162834,1,180355,"2023-03-10","2023-03-10",2024,1,0,"22588 RELOCATION DR"
"194498227000","STONEWALL SECURE BUSINESS PARK (PROJECT ASPEN)","HAYDEN TECHNOLOGIES LLC","Private",-77.539332,39.051352,331255,"BUILT","IP","TRANSITION LIGHT INDUSTRIAL","TRANSITION",57.8800947721569,3,331255,"2019-06-12","2020-12-29",2021,3,0,"20481 GOOSE LANDING LN; 20471 GOOSE LANDING LN; 20491 GOOSE LANDING LN"
"063477734000","PROJECT NOVA","SDC ASHBURN I LLC","Private",-77.459098,38.995791,481779,"UNDER CONSTRUCTION","OP","URBAN TRANSIT CENTER","URBAN",11.1937376594755,1,481779,"2025-06-17","2025-06-17",NA,0,1,"44595 LOW LATENCY LN"
"096183926000","H&M PROPERTY","AMAZON DATA SERVICES INC","Private",-77.485251,38.920754,518840,"UNDER CONSTRUCTION","GI","SUBURBAN INDUSTRIAL/MINERAL EXTRACTION","SUBURBAN",26.3963608555906,2,518840,"2022-08-15","2025-06-30",NA,0,2,"25190 MEADOWDALE DR; 43920 LONE CEDAR LN"
"061200160000","BEAUMEADE","EQUINIX LLC","Private",-77.454846,39.012022,399216,"BUILT","IP","SUBURBAN EMPLOYMENT","SUBURBAN",15.0572758037178,2,399216,"2020-09-24","2024-05-29",2020,1,1,"22165 BEAUMEADE CIR; 22175 BEAUMEADE CIR"
"062159785000","PROJECT NOVA","SDC ASHBURN ALPHA I LLC","Private",-77.47129,38.996055,531592,"BUILT","OP","URBAN TRANSIT CENTER","URBAN",28.0723831370564,3,531592,"2020-06-16","2022-04-14",2021,3,0,"44254 IMPORT PLZ; 44305 IMPORT PLZ; 44351 IMPORT PLZ"
"062275493000","PROJECT NOVA","","Private",-77.459879,38.999019,738961,"UNDER CONSTRUCTION","OP","URBAN TRANSIT CENTER","URBAN",26.0083048284009,2,738961,"2023-07-09","2023-07-19",NA,0,2,"22275 LOCKRIDGE RD; 22285 LOCKRIDGE RD"
